{
  "running_90": {
    "sounds": [
      "suit/running_90"
    ],
    "category": "player"
  },
    "claw_enable": {
    "sounds": [
      "suit/claws_enable"
    ],
    "category": "player"
  },
      "claw_disable": {
    "sounds": [
      "suit/claws_disable"
    ],
    "category": "player"
  },
        "slash_1": {
    "sounds": [
      "suit/slash_1",
            "suit/slash_2"

    ],
    "category": "player"
  },

        "roll": {
    "sounds": [
      "suit/roll"
    ],
    "category": "player"
  }

}

